vix_warning_low,vix_warning_high,vix_risk_low,vix_risk_high,vix_crash_th,vix_extreme_th,panic_drop_pct,risk_warning_pos,panic_reversal_pos,risk_warning_confirm_days,risk_warning_gap_buy_pct,risk_repair_vix_th,risk_repair_gap_buy_pct,risk_on_gap_buy_pct,panic_gap_buy_pct,cagr,max_dd,calmar,vol,sharpe,total_turnover,annual_turnover,trade_count,avg_position,time_in_market,worst_year,recovery_days,total_ret,score
15,20,20,30,30,45,0.02,0.6,0.4,3,0.25,20,0.67,1.0,0.5,0.09816918877838887,-0.1281391942806487,0.7661136729436588,0.08866414912179048,1.1072027392214876,196.49769113229337,18.051001430098125,515,0.640550712791712,64.0550712791712,-0.06074017916094576,399,1.7714885603334607,0.26476423781913944
15,20,20,30,30,45,0.02,0.6,0.4,3,0.25,20,0.67,1.0,1.0,0.09816512965271462,-0.12813919428064888,0.7660819954721626,0.08873492423522047,1.1062738881987024,197.87269113229337,18.17731399297539,514,0.6408103044847778,64.08103044847778,-0.06310885060411442,399,1.7713770475773165,0.2609431834613249
15,20,20,30,30,45,0.02,0.6,0.4,3,0.33,20,0.67,1.0,0.5,0.09814990719347394,-0.1281391942806488,0.7659631991949887,0.08875605673080339,1.105838979430576,197.05299939879126,18.102014092155056,515,0.6409644582071543,64.09644582071543,-0.06074017916094576,399,1.7709588907601548,0.26308338420876126
15,20,20,30,30,45,0.02,0.6,0.4,3,0.33,20,0.67,1.0,1.0,0.09814141794438669,-0.12813919428064893,0.7658969489806415,0.08882671295781187,1.1048637811352855,198.40399939879126,18.2261219266621,514,0.6412198260353839,64.12198260353838,-0.06310885060411442,399,1.7707257182829435,0.25929389895920246
15,20,20,30,30,45,0.02,0.6,0.4,3,0.5,20,0.67,1.0,0.5,0.09798766767511147,-0.12813919428064888,0.7646970798060435,0.0889020529480523,1.102198030594053,198.01787423776213,18.190651047621383,515,0.6416097322347588,64.16097322347588,-0.06074017916094576,399,1.766505773491728,0.259158156155826
15,20,20,30,30,45,0.02,0.6,0.4,3,0.5,20,0.67,1.0,1.0,0.09797899512210861,-0.12813919428064888,0.7646293990854682,0.0889725912711077,1.1012267229978452,199.36787423776212,18.314667018446332,514,0.6418649240686201,64.186492406862,-0.06310885060411442,399,1.7662679141147244,0.2553699963105022
15,20,20,30,30,45,0.02,0.6,0.4,3,0.25,20,0.5,1.0,0.5,0.09796161185971153,-0.12813919428064885,0.764493739871325,0.08847415675806669,1.1072341963946417,194.7632568359375,17.891669909287266,515,0.6394256544129943,63.94256544129943,-0.06074017916094576,399,1.7657912047771682,0.26792425037113093
15,20,20,30,30,45,0.02,0.6,0.4,3,0.25,20,0.5,1.0,1.0,0.09795755350129709,-0.12813919428064904,0.7644620683875344,0.08854508375909213,1.10630143812178,196.1382568359375,18.01798247216453,514,0.6396852461060601,63.96852461060602,-0.06310885060411442,399,1.76567992125806,0.26410320200102216
15,20,20,30,30,45,0.02,0.6,0.4,2,0.25,20,0.67,1.0,0.5,0.09795692095547492,-0.12813919428064852,0.7644571319914121,0.08871180370213491,1.1042151874668458,197.27340113229337,18.122261006934142,526,0.6407949419363794,64.07949419363794,-0.06074017916094576,399,1.7656625766986664,0.2609699095618126
15,20,20,30,30,45,0.02,0.6,0.4,3,0.33,20,0.5,1.0,0.5,0.09793955155030676,-0.12813919428064874,0.7643215809192687,0.08856802070362203,1.1058116775359017,195.32749215604787,17.943502643359277,515,0.6398510206711123,63.985102067111235,-0.06074017916094576,399,1.7651863420053129,0.2661971093969146
15,20,20,30,30,45,0.02,0.6,0.4,3,0.33,20,0.5,1.0,1.0,0.09793106392737427,-0.12813919428064877,0.764255343395456,0.08863882680834627,1.1048325824429013,196.67849215604792,18.067610477866324,514,0.6401063884993419,64.01063884993418,-0.06310885060411442,399,1.7649536552803462,0.2624076368378904
15,20,20,30,30,45,0.02,0.6,0.4,2,0.25,20,0.67,1.0,1.0,0.09790660879199486,-0.12813919428064904,0.7640644951891995,0.0887805582578718,1.1027933447727998,198.57340113229338,18.241683793654467,525,0.6410413340518317,64.10413340518318,-0.06310885060411442,399,1.7642833213660092,0.2569945891579892
15,20,20,30,30,45,0.02,0.6,0.4,2,0.33,20,0.67,1.0,0.5,0.09786080542837627,-0.1281391942806489,0.7637070451219065,0.08882030071987237,1.1017842163923366,198.05444379879128,18.19401046215003,526,0.6412800943211986,64.12800943211985,-0.06074017916094576,399,1.7630282132920834,0.2580673390358295
15,20,20,30,30,45,0.02,0.6,0.4,2,0.33,20,0.67,1.0,1.0,0.0977912742939453,-0.12813919428064932,0.7631644232112441,0.08888824262630918,1.1001598344683776,199.30644379879126,18.309023792129906,525,0.6415180387069783,64.15180387069783,-0.06310885060411442,399,1.761123903700533,0.25407431722577006
15,20,20,30,30,45,0.02,0.6,0.4,3,0.5,20,0.5,1.0,0.5,0.097778107969279,-0.12813919428064882,0.7630616730360161,0.08871611249870964,1.1021459937246592,196.3,18.032840794768614,515,0.6405094381706348,64.05094381706348,-0.06074017916094576,399,1.760763440373534,0.26225705697138185
15,20,20,30,30,45,0.02,0.6,0.4,3,0.5,20,0.5,1.0,1.0,0.09776943707150143,-0.1281391942806491,0.7629940052328397,0.0887867985337026,1.1011708799747872,197.64999999999998,18.15685676559356,514,0.640764630004496,64.0764630004496,-0.06310885060411442,399,1.7605260747123768,0.25846891004345646
15,20,20,30,30,45,0.02,0.6,0.4,2,0.25,20,0.5,1.0,0.5,0.09772673134288623,-0.128139194280649,0.7626607291508816,0.08852338131203728,1.1039651885687458,195.5601318359375,17.964873780954772,526,0.6396780963348528,63.96780963348528,-0.06074017916094576,399,1.7593572766117074,0.2638951235006622
15,20,20,30,30,45,0.02,0.6,0.4,2,0.25,20,0.5,1.0,1.0,0.09767642972748569,-0.1281391942806494,0.7622681746660244,0.08859228172364222,1.1025388197154788,196.86013183593752,18.084296567675096,525,0.639924488450305,63.9924488450305,-0.06310885060411442,399,1.7579811657764397,0.2599198854141945
15,20,20,30,30,45,0.02,0.6,0.4,2,0.33,20,0.5,1.0,0.5,0.09762060447412435,-0.1281391942806488,0.7618325136360462,0.08863435299432107,1.101385649877526,196.3568743560479,18.038065482531817,526,0.6401774976510489,64.0177497651049,-0.06074017916094576,399,1.7564546733980069,0.26087115693851587
15,20,20,30,30,45,0.02,0.6,0.4,2,0.33,20,0.5,1.0,1.0,0.09755108855241024,-0.12813919428064866,0.7612900104456347,0.08870243676586927,1.0997565806438558,197.6088743560479,18.153078812511694,525,0.6404154420368287,64.04154420368286,-0.06310885060411442,399,1.754554894362843,0.25687825384870827
15,20,20,30,30,45,0.02,0.6,0.4,2,0.5,20,0.67,1.0,0.5,0.09749576624763745,-0.1281391942806492,0.7608582744332165,0.08900185985983242,1.0954351560875464,199.52554423776212,18.329151165201864,526,0.6420596917560542,64.20596917560542,-0.06074017916094576,399,1.7530438580438625,0.25116434725558395
15,20,20,30,30,45,0.02,0.6,0.4,2,0.5,20,0.67,1.0,1.0,0.09742545758942533,-0.1281391942806488,0.760309584716487,0.08906963164517007,1.093812288093238,200.77554423776215,18.44398076781756,525,0.6422972841530974,64.22972841530974,-0.06310885060411442,399,1.7511245807681188,0.24717076946038435
15,20,20,30,30,45,0.02,0.6,0.4,2,0.5,20,0.5,1.0,0.5,0.09724100602213803,-0.12813919428064893,0.7588701221982241,0.08881913430431536,1.0948204661505407,197.85,18.175229502012073,526,0.6409758232463124,64.09758232463125,-0.06074017916094576,399,1.7460952180809497,0.2537938449162858
15,20,20,30,30,45,0.02,0.6,0.4,2,0.5,20,0.5,1.0,1.0,0.09717071368458141,-0.12813919428064943,0.7583215598481047,0.08888704480879822,1.0931932082296345,199.1,18.290059104627765,525,0.6412134156433555,64.12134156433555,-0.06310885060411442,399,1.7441807850312658,0.2498003944876946
15,20,20,30,30,45,0.02,0.6,0.5,3,0.25,20,0.67,1.0,1.0,0.09815396565070644,-0.1307902583705442,0.7504684742851773,0.08903766267588728,1.1023870427507076,200.5386911322934,18.422222569434144,514,0.6416666930803427,64.16666930803427,-0.06968529849613936,484,1.7710703698750478,0.22802593046266167
15,20,20,30,30,45,0.02,0.6,0.5,3,0.25,20,0.67,1.0,0.5,0.09815119135243688,-0.1307902583705443,0.7504472624739598,0.08886738042242472,1.104468151147049,197.7136911322934,18.162707667522678,515,0.6411343101165976,64.11343101165976,-0.06496167413551468,399,1.7709941640447395,0.24044451204691247
15,20,20,30,30,45,0.02,0.6,0.5,3,0.33,20,0.67,1.0,0.5,0.09813190908684244,-0.13079025837054428,0.7502998335611749,0.08895908795361106,1.103112805495653,198.2689993987913,18.21372032957961,515,0.64154805553204,64.154805553204,-0.06496167413551468,399,1.7704645615852233,0.23876670327241983
15,20,20,30,30,45,0.02,0.6,0.5,3,0.33,20,0.67,1.0,1.0,0.09813025399697062,-0.13079025837054445,0.7502871790264063,0.08912914148355244,1.100989556991068,201.06999939879128,18.471030503120854,514,0.6420762146309488,64.20762146309488,-0.06968529849613936,484,1.7704191075352842,0.226380397193289
15,20,20,30,30,45,0.02,0.6,0.5,3,0.5,20,0.67,1.0,0.5,0.09798091141120824,-0.1307902583705443,0.7491453310965768,0.08910490084953454,1.099613045714085,199.18387423776215,18.297764100941304,515,0.6422021292780533,64.22021292780533,-0.06496167413551468,399,1.7663204699731838,0.23509088766697067
15,20,20,30,30,45,0.02,0.6,0.5,3,0.25,20,0.5,1.0,0.5,0.09797546360964593,-0.13079025837054478,0.7491036781353354,0.08867394131648626,1.1048957805987398,196.11325683593748,18.015685880112212,515,0.6399976361095799,63.99976361095799,-0.06496167413551468,399,1.7661710617570106,0.2435115813306012
15,20,20,30,30,45,0.02,0.6,0.5,3,0.5,20,0.67,1.0,1.0,0.09796984642434925,-0.13079025837054378,0.7490607300949698,0.08927455452075787,1.097399443215027,201.93387423776215,18.55038922669583,514,0.6427213126641851,64.27213126641851,-0.06968529849613936,484,1.7660170157952653,0.22277318655460449
15,20,20,30,30,45,0.02,0.6,0.5,3,0.33,20,0.5,1.0,0.5,0.0979534020254158,-0.13079025837054367,0.748934999026477,0.08876760393220141,1.1034814243744855,196.6774921560479,18.067518614184227,515,0.640423002367698,64.0423002367698,-0.06496167413551468,399,1.7655660885888533,0.24178792019958456
15,20,20,30,30,45,0.02,0.6,0.5,3,0.25,20,0.5,1.0,1.0,0.09793923722420206,-0.13079025837054423,0.7488266973731992,0.08884864110623349,1.1023155335273978,199.0382568359375,18.284387150232938,514,0.6405476185101432,64.05476185101432,-0.06968529849613936,484,1.7651777244920575,0.23051921612671983
15,20,20,30,30,45,0.02,0.6,0.5,2,0.25,20,0.67,1.0,0.5,0.09793889687243151,-0.13079025837054412,0.7488240951016333,0.08891522725069313,1.1014862122130835,198.48940113229338,18.23396724435869,526,0.641378539261265,64.1378539261265,-0.06496167413551468,399,1.7651683934908862,0.23668355736950603
15,20,20,30,30,45,0.02,0.6,0.5,3,0.33,20,0.5,1.0,1.0,0.09791274790575555,-0.1307902583705445,0.7486241645639767,0.08894206607110756,1.1008598319211078,199.5784921560479,18.334015155934733,514,0.6409687609034249,64.09687609034249,-0.06968529849613936,484,1.764451585281119,0.22882784314644294
15,20,20,30,30,45,0.02,0.6,0.5,2,0.25,20,0.67,1.0,1.0,0.09789544555041463,-0.1307902583705446,0.7484918737071764,0.08908316044413676,1.0989220079568682,201.23940113229338,18.486592370113218,525,0.6418977226473966,64.18977226473966,-0.06968529849613936,484,1.7639773774635854,0.22411823586428797
15,20,20,30,30,45,0.02,0.6,0.5,2,0.33,20,0.67,1.0,0.5,0.09784277229023908,-0.13079025837054387,0.748089142947017,0.08902358248737798,1.0990657706244467,199.2704437987913,18.305716699574578,526,0.6418636916460843,64.18636916460842,-0.06496167413551468,399,1.7625342095491487,0.23379612155841373
15,20,20,30,30,45,0.02,0.6,0.5,3,0.5,20,0.5,1.0,0.5,0.09780319377233049,-0.1307902583705443,0.7477865323519924,0.08891551320886863,1.099956467018124,197.6,18.15226358148893,515,0.6410902195856294,64.10902195856293,-0.06496167413551468,399,1.7614502681388653,0.23809710450595772
15,20,20,30,30,45,0.02,0.6,0.5,2,0.33,20,0.67,1.0,1.0,0.09778011144106213,-0.13079025837054403,0.7476100487854355,0.08919048734444049,1.0963065047895724,201.9724437987913,18.55393236858866,525,0.6423744273025433,64.23744273025433,-0.06968529849613936,484,1.760818288011392,0.22121621098828465
15,20,20,30,30,45,0.02,0.6,0.5,3,0.5,20,0.5,1.0,1.0,0.09775313694719379,-0.13079025837054462,0.7474038064077168,0.08908956308093943,1.0972456656722331,200.45,18.414075075452715,514,0.6416270024085791,64.1627002408579,-0.06968529849613936,484,1.7600799092879398,0.22520568740464325
15,20,20,30,30,45,0.02,0.6,0.5,2,0.25,20,0.5,1.0,0.5,0.09774054999918191,-0.1307902583705443,0.7473075687508113,0.08872335710268062,1.10163268378208,196.9101318359375,18.08888975177972,526,0.6402500780314384,64.02500780314384,-0.06496167413551468,399,1.759735425375474,0.2395193557960527
15,20,20,30,30,45,0.02,0.6,0.5,2,0.25,20,0.5,1.0,1.0,0.09765811627283094,-0.13079025837054456,0.7466772945440151,0.08889569671523884,1.0985696707643895,199.7601318359375,18.350701245743505,525,0.6407868608543882,64.07868608543882,-0.06968529849613936,484,1.7574803158990555,0.22638039043221808
15,20,20,30,30,45,0.02,0.6,0.5,2,0.33,20,0.5,1.0,0.5,0.0976344111635401,-0.13079025837054462,0.746496049322955,0.08883418544594816,1.0990635043639423,197.7068743560479,18.162081453356766,526,0.6407494793476347,64.07494793476347,-0.06496167413551468,399,1.7568321337263177,0.23651208532088458
15,20,20,30,30,45,0.02,0.6,0.5,2,0.33,20,0.5,1.0,1.0,0.09753277640510793,-0.1307902583705442,0.7457189673009598,0.08900548411905472,1.095806369354129,200.5088743560479,18.419483490580102,525,0.6412778144409117,64.12778144409117,-0.06968529849613936,484,1.7540546452864523,0.22335859584406553
15,20,20,30,30,45,0.02,0.6,0.5,2,0.5,20,0.67,1.0,0.5,0.09752176487307773,-0.13079025837054434,0.7456347750058494,0.08920667130771882,1.0932115663936832,200.64154423776213,18.431671034417157,526,0.6426608885177577,64.26608885177578,-0.06496167413551468,399,1.7537538732788147,0.22756312357196778
15,20,20,30,30,45,0.02,0.7,0.4,3,0.25,20,0.67,1.0,0.5,0.0982650538046006,-0.13191861773197772,0.7448914754720074,0.09004150542071154,1.0913306407469001,194.39158817639117,17.857527057702935,514,0.6495670890725115,64.95670890725115,-0.06074017916094576,399,1.7741233598970636,0.24178742461668573
15,20,20,30,30,45,0.02,0.6,0.5,2,0.5,20,0.67,1.0,1.0,0.09741831584611438,-0.13079025837054453,0.7448438213962126,0.08937139799134264,1.0900390733011835,203.24154423776216,18.670516607857802,525,0.6431536727486623,64.31536727486623,-0.06968529849613936,484,1.7509296943180939,0.21495245642098676
15,20,20,30,30,45,0.02,0.7,0.4,3,0.25,20,0.67,1.0,1.0,0.09825637906063789,-0.13191861773197805,0.7448257171725945,0.09011115181390832,1.090390890392241,195.7415881763912,17.981543028527888,513,0.6498222809063728,64.98222809063728,-0.06310885060411442,399,1.7738848455731442,0.23800118719252344
15,20,20,30,30,45,0.02,0.7,0.4,3,0.33,20,0.67,1.0,0.5,0.09823060532943906,-0.1319186177319777,0.7446303411775933,0.09017701775006348,1.089308648481779,195.16399919838835,17.92848357827247,515,0.6501131178066529,65.0113117806653,-0.06074017916094576,399,1.7731763000429983,0.23939759470518557
15,20,20,30,30,45,0.02,0.7,0.4,3,0.33,20,0.67,1.0,1.0,0.09822193085757136,-0.13191861773197744,0.7445645849407811,0.09024655956270336,1.0883731339290192,196.51399919838838,18.052499549097423,514,0.6503683096405142,65.03683096405142,-0.06310885060411442,399,1.7729378671456697,0.23561135934362537
15,20,20,30,30,45,0.02,0.6,0.5,2,0.5,20,0.5,1.0,0.5,0.0972988247612585,-0.13079025837054462,0.7439302129490346,0.08902050020001501,1.0929934626590887,199.1,18.290059104627765,526,0.641565404379716,64.1565404379716,-0.06496167413551468,399,1.7476708379541517,0.23010691940883415
15,20,20,30,30,45,0.02,0.7,0.4,3,0.5,20,0.67,1.0,0.5,0.09801133602445167,-0.13191861773197755,0.7429681853063669,0.09039409373381635,1.0842670353338109,196.45183231701617,18.04678867047036,515,0.6509732485176345,65.09732485176345,-0.06074017916094576,399,1.7671550123636295,0.23418628606802266
15,20,20,30,30,45,0.02,0.7,0.4,3,0.5,20,0.67,1.0,1.0,0.09800266328450213,-0.13191861773197788,0.7429024421982379,0.09046346866401689,1.0833396588902198,197.8018323170162,18.170804641295312,514,0.6512284403514959,65.12284403514958,-0.06310885060411442,399,1.7669170971661918,0.2304000638351444
15,20,20,30,30,45,0.02,0.6,0.5,2,0.5,20,0.5,1.0,1.0,0.09715642431471805,-0.13079025837054442,0.7428414434312248,0.0891896002047891,1.0893245859566165,201.79999999999998,18.538091046277664,525,0.6420757880474387,64.20757880474387,-0.06968529849613936,484,1.7437917579958664,0.21692284530340328
15,20,20,30,30,45,0.02,0.7,0.4,3,0.25,20,0.5,1.0,0.5,0.09799277516700045,-0.13191861773197752,0.7428274860042493,0.0897581875083692,1.0917419110971178,192.06767578125,17.644043908224738,514,0.6480650166313819,64.80650166313819,-0.06074017916094576,399,1.7666458637516027,0.24612792963327385
15,20,20,30,30,45,0.02,0.7,0.4,3,0.25,20,0.5,1.0,1.0,0.09798410257365497,-0.13191861773197755,0.742761744007444,0.08982805355104953,1.0907962345857838,193.41767578124998,17.768059879049687,513,0.6483202084652432,64.83202084652432,-0.06310885060411442,399,1.7664079923298712,0.24234170851171993
15,20,20,30,30,45,0.02,0.7,0.4,2,0.25,20,0.67,1.0,0.5,0.09798173077086392,-0.13191861773197794,0.7427437647196671,0.09010683113763238,1.0873951456710662,195.4258681763912,17.952539826817627,524,0.6498927279320681,64.98927279320681,-0.06074017916094576,399,1.7663429418853909,0.23678933079090408
15,20,20,30,30,45,0.02,0.7,0.4,3,0.33,20,0.5,1.0,0.5,0.0979545883641888,-0.13191861773197752,0.7425380135744424,0.08989679565547608,1.089633814530984,192.8519895413972,17.716093858147715,515,0.6486265398224241,64.8626539822424,-0.06074017916094576,399,1.765598617335335,0.2436769587057776
15,20,20,30,30,45,0.02,0.7,0.4,3,0.33,20,0.5,1.0,1.0,0.09794591607246539,-0.13191861773197758,0.7424722738640622,0.08996655405694226,1.0886925380122126,194.2019895413972,17.84010982897267,514,0.6488817316562855,64.88817316562854,-0.06310885060411442,399,1.7653608359540405,0.23989073987064874
15,20,20,30,30,45,0.02,0.7,0.4,2,0.25,20,0.67,1.0,1.0,0.09791139098040147,-0.13191861773197755,0.7422105587804942,0.09017377376039222,1.0858078452008615,196.6758681763912,18.06736942943332,523,0.6501303203291113,65.01303203291113,-0.06310885060411442,399,1.7644143931883849,0.23281123677326127
15,20,20,30,30,45,0.02,0.7,0.4,2,0.33,20,0.67,1.0,0.5,0.09782365554802852,-0.1319186177319777,0.7415454863753899,0.09026481603951335,1.0837407069572522,196.53125839838836,18.054085042759393,526,0.6505283341389302,65.05283341389301,-0.06074017916094576,399,1.7620106089036742,0.2325446959683744
15,20,20,30,30,45,0.02,0.7,0.4,2,0.33,20,0.67,1.0,1.0,0.09775332588430752,-0.13191861773197786,0.7410123572012802,0.09033164127736287,1.0821604091544887,197.7812583983884,18.16891464537509,525,0.6507659265359735,65.07659265359736,-0.06310885060411442,399,1.760085080481172,0.22856667871579356
15,20,20,30,30,45,0.02,0.7,0.4,3,0.5,20,0.5,1.0,0.5,0.09773635461515573,-0.1319186177319776,0.7408837076638353,0.09011727105588435,1.0845463191461553,194.14999999999998,17.835333878269616,515,0.6495041951626298,64.95041951626298,-0.06074017916094576,399,1.759620613342086,0.2384454521915133
15,20,20,30,30,45,0.02,0.7,0.4,3,0.5,20,0.5,1.0,1.0,0.09772768404717058,-0.13191861773197774,0.7408179810201339,0.09018685891241626,1.0836133470628742,195.5,17.95934984909457,514,0.649759386996491,64.9759386996491,-0.06310885060411442,399,1.7593833459392187,0.23465924642306307
15,20,20,30,30,45,0.02,0.7,0.4,2,0.25,20,0.5,1.0,0.5,0.09767929470555181,-0.13191861773197772,0.7404511689472765,0.08982588933077311,1.087429197008665,193.13017578125,17.741649070448076,524,0.6484016058605264,64.84016058605265,-0.06074017916094576,399,1.7580595267842165,0.2408234577096005
15,20,20,30,30,45,0.02,0.7,0.4,2,0.25,20,0.5,1.0,1.0,0.0976089742899926,-0.1319186177319776,0.7399181098782223,0.08989304045026321,1.085834607452159,194.38017578125002,17.856478673063773,523,0.6486391982575698,64.86391982575698,-0.06310885060411442,399,1.7561367528482368,0.23684551056207565
15,20,20,30,30,45,0.02,0.7,0.4,2,0.33,20,0.5,1.0,0.5,0.09750784325370954,-0.13191861773197786,0.7391514930198746,0.08998775632757863,1.0835678900444616,194.2564991413972,17.84511728153806,526,0.6490562106425579,64.9056210642558,-0.06074017916094576,399,1.753373657043884,0.23641973544949885
15,20,20,30,30,45,0.02,0.7,0.4,2,0.33,20,0.5,1.0,1.0,0.09743753382181053,-0.13191861773197766,0.7386185172117009,0.09005478641244642,1.0819806220576826,195.5064991413972,17.959946884153755,525,0.6492938030396013,64.92938030396013,-0.06310885060411442,399,1.751454149849636,0.23244187156285462
15,20,20,30,30,45,0.02,0.7,0.4,2,0.5,20,0.67,1.0,0.5,0.0973326825268952,-0.13191861773197808,0.7378236991889054,0.09053308804448497,1.0751061808371005,198.49539231701618,18.234517616647423,526,0.651567328067089,65.15673280670889,-0.06074017916094576,399,1.7485938778510373,0.2234099315652483
15,20,20,30,30,45,0.02,0.7,0.4,2,0.5,20,0.67,1.0,1.0,0.09726238431628409,-0.1319186177319778,0.7372908084429326,0.09059971441097019,1.0735396347398105,199.74539231701618,18.34934721926312,525,0.6518049204641323,65.18049204641324,-0.06310885060411442,399,1.7466777028672662,0.21943215274080513
15,20,20,30,30,45,0.02,0.6,0.6,3,0.25,20,0.67,1.0,0.5,0.0981986249730813,-0.13344121697221828,0.7358942551724907,0.08909942243288554,1.10212414729231,199.12769113229336,18.292602914001545,512,0.6416830605565836,64.16830605565836,-0.06917471095669947,484,1.7722973567061722,0.212038383809605
15,20,20,30,30,45,0.02,0.6,0.6,3,0.33,20,0.67,1.0,0.5,0.09817934087827185,-0.133441216972218,0.7357497413914657,0.08919090126211797,1.1007775399615962,199.68299939879128,18.34361557605848,512,0.6420968059720259,64.20968059720259,-0.06917471095669947,484,1.7717674778013004,0.21036349016687245
15,20,20,30,30,45,0.02,0.6,0.6,3,0.25,20,0.67,1.0,1.0,0.09812788940734385,-0.13344121697221806,0.7353641673379949,0.08940682363812286,1.0975436260270224,203.60069113229338,18.70350916400155,511,0.6425230816759078,64.25230816759078,-0.07623955222814816,532,1.7703541695327218,0.19655277171946262
15,20,20,30,30,45,0.02,0.7,0.4,2,0.5,20,0.5,1.0,0.5,0.09699743759110069,-0.13191861773197777,0.7352823980324954,0.09026115111303666,1.0746310721168177,196.25,18.028247610663982,526,0.6501201754512606,65.01201754512606,-0.06074017916094576,399,1.7394667335888214,0.22705673058834225
15,20,20,30,30,45,0.02,0.6,0.6,3,0.33,20,0.67,1.0,1.0,0.09810417813033911,-0.13344121697221795,0.7351864765349383,0.08949792695985678,1.0961614582910122,204.1319993987913,18.75231709768826,511,0.6429326032265137,64.29326032265136,-0.07623955222814816,532,1.7697030704002001,0.19491084290580496
15,20,20,30,30,45,0.02,0.7,0.4,2,0.5,20,0.5,1.0,1.0,0.0969271608572213,-0.13191861773197777,0.7347496700894073,0.09032797727707519,1.07305802453545,197.5,18.14307721327968,525,0.6503577678483039,65.03577678483039,-0.06310885060411442,399,1.7375569215696491,0.22307911456678303
15,20,20,30,30,45,0.02,0.6,0.6,3,0.5,20,0.67,1.0,0.5,0.0980283345639843,-0.1334412169722175,0.7346181096684229,0.08933635705479055,1.0972949624962085,200.59787423776214,18.427659347420175,512,0.6427508797180393,64.27508797180394,-0.06917471095669947,484,1.7676213791982751,0.2067105453029799
15,20,20,30,30,45,0.02,0.6,0.6,3,0.25,20,0.5,1.0,0.5,0.09802052388734306,-0.13344121697221786,0.7345595769540283,0.08890602874535669,1.1025183024212224,197.5632568359375,18.14888821914642,512,0.6405520183693477,64.05520183693477,-0.06917471095669947,484,1.7674070789523704,0.21501514643679714
15,20,20,30,30,45,0.02,0.6,0.6,3,0.33,20,0.5,1.0,0.5,0.0979984604015467,-0.1334412169722183,0.7343942345935695,0.08899945702736471,1.1011130143346275,198.1274921560479,18.200720953218436,512,0.6409773846274658,64.09773846274658,-0.06917471095669947,484,1.7668018081366879,0.213294822054177
15,20,20,30,30,45,0.02,0.6,0.6,2,0.25,20,0.67,1.0,0.5,0.09798629122345504,-0.1334412169722178,0.7343030395462864,0.08914744559597017,1.0991486134952635,199.9034011322934,18.363862490837565,523,0.6419272897012509,64.19272897012509,-0.06917471095669947,484,1.7664680207461312,0.20830938087832102
15,20,20,30,30,45,0.02,0.6,0.6,3,0.5,20,0.67,1.0,1.0,0.09794377397085374,-0.13344121697221803,0.7339844179571989,0.0896427457374443,1.0926012268491019,204.99587423776214,18.831675821263236,511,0.64357770125975,64.357770125975,-0.07623955222814816,532,1.765302105563174,0.19132802262081616
15,20,20,30,30,45,0.02,0.6,0.6,3,0.25,20,0.5,1.0,1.0,0.09790997672321611,-0.13344121697221803,0.733731143531167,0.0892186315259075,1.097416257665696,202.1382568359375,18.569164564719863,511,0.6414099909142262,64.14099909142263,-0.07623955222814816,532,1.7643756301657851,0.19895008589108543
15,20,20,30,30,45,0.02,0.6,0.6,2,0.33,20,0.67,1.0,0.5,0.0978901518708375,-0.1334412169722178,0.7335825773472826,0.08925562498738425,1.0967393022532046,200.68444379879128,18.43561194605345,523,0.6424124420860702,64.24124420860701,-0.06917471095669947,484,1.7638323076838738,0.20543643502284076
15,20,20,30,30,45,0.02,0.6,0.6,3,0.33,20,0.5,1.0,1.0,0.09788348792444368,-0.13344121697221775,0.7335326381564915,0.08931167130909846,1.0959764439485076,202.67849215604792,18.618792570421654,511,0.6418311333075081,64.18311333075081,-0.07623955222814816,532,1.763649696481488,0.19726274034535674
15,20,20,30,30,45,0.02,0.6,0.6,2,0.25,20,0.67,1.0,1.0,0.09786937358271297,-0.1334412169722185,0.7334268661765028,0.08945215232129897,1.0940974704686879,204.3014011322934,18.767878964680623,522,0.6427541112429616,64.27541112429616,-0.07623955222814816,532,1.7632629593047193,0.1926843765375975
15,20,20,30,30,45,0.02,0.6,0.6,3,0.5,20,0.5,1.0,0.5,0.0978482438678987,-0.13344121697221806,0.7332685214364488,0.08914700291139946,1.0976055354900394,199.05,18.28546592052314,512,0.6416446018453972,64.16446018453972,-0.06917471095669947,484,1.7626840906710801,0.20962675987791574
15,20,20,30,30,45,0.02,0.6,0.6,2,0.25,20,0.5,1.0,0.5,0.09778557054190484,-0.13344121697221778,0.7327988515142486,0.08895561716479862,1.0992624598483522,198.36013183593752,18.222092090813927,523,0.6408044602912062,64.08044602912062,-0.06917471095669947,484,1.7609677429972246,0.21105830484699234
15,20,20,30,30,45,0.02,0.6,0.6,2,0.33,20,0.67,1.0,1.0,0.09775404142987365,-0.13344121697221764,0.7325625743523155,0.08955904484316428,1.0915038408578435,205.0344437987913,18.835218963156066,522,0.6432308158981082,64.32308158981081,-0.07623955222814816,532,1.7601046649840977,0.18979988475914866
15,20,20,30,30,45,0.02,0.6,0.6,3,0.5,20,0.5,1.0,1.0,0.09772388082382633,-0.1334412169722184,0.7323365526872542,0.08945856287708429,1.0923926975900402,203.55,18.69885248993964,511,0.6424893748126622,64.24893748126622,-0.07623955222814816,532,1.7592792777577255,0.19366485729057858
15,20,20,30,30,45,0.02,0.6,0.6,2,0.33,20,0.5,1.0,0.5,0.0976794167342867,-0.1334412169722185,0.73200334162587,0.08906626280515076,1.0967050110542849,199.1568743560479,18.29528379239097,523,0.6413038616074024,64.13038616074024,-0.06917471095669947,484,1.7580628644793164,0.2080670439113011
15,20,20,30,30,45,0.02,0.6,0.6,2,0.25,20,0.5,1.0,1.0,0.09762886140119931,-0.13344121697221756,0.7316244831724341,0.08926551079524696,1.0936907270394252,202.86013183593752,18.635478660230426,522,0.6416492332584712,64.16492332584713,-0.07623955222814816,532,1.7566804034350634,0.19485400266703667
15,20,20,30,30,45,0.02,0.6,0.6,2,0.5,20,0.67,1.0,0.5,0.09756910804699093,-0.13344121697221847,0.7311766953332277,0.08943846401912749,1.0909076885099973,202.05554423776215,18.56156628089603,523,0.6432096389577436,64.32096389577437,-0.06917471095669947,484,1.7550472293362178,0.19925192296350708
15,20,20,30,30,45,0.02,0.6,0.6,2,0.33,20,0.5,1.0,1.0,0.09750352409187157,-0.13344121697221817,0.7306852133413273,0.08937485174847767,1.0909503309305613,203.60887435604792,18.704260905067027,522,0.6421401868449947,64.21401868449948,-0.07623955222814816,532,1.7532557052091242,0.19185126549083042
15,20,20,30,30,45,0.02,0.7,0.5,3,0.25,20,0.67,1.0,0.5,0.09824704832002862,-0.13455824282711631,0.7301451494596195,0.09024169568222572,1.0887101309132388,195.60758817639118,17.969233295127484,515,0.6501506863973971,65.01506863973971,-0.06496167413551468,399,1.773628315241186,0.21841066129128411
15,20,20,30,30,45,0.02,0.7,0.5,3,0.25,20,0.67,1.0,1.0,0.09824520848752405,-0.1345582428271159,0.7301314763284489,0.09040933436732408,1.086671074121214,198.4075881763912,18.22645160498664,514,0.6506786695019378,65.06786695019377,-0.06968529849613936,484,1.7735777352138355,0.20602609252621512
15,20,20,30,30,45,0.02,0.7,0.5,3,0.33,20,0.67,1.0,0.5,0.0982197952227657,-0.13455824282711634,0.7299426119064355,0.09037700044233409,1.0867786576457112,196.34799919838838,18.03725017787006,515,0.6507023469513202,65.07023469513203,-0.06496167413551468,399,1.7728791683766967,0.21616761725582273
15,20,20,30,30,45,0.02,0.7,0.5,3,0.33,20,0.67,1.0,1.0,0.09821204962750785,-0.1345582428271161,0.7298850487642977,0.09054431431415921,1.0846848901715032,199.11599919838835,18.29152884990225,514,0.6512246982360791,65.12246982360791,-0.06968529849613936,484,1.7726662870892338,0.20382734761459526
15,20,20,30,30,45,0.02,0.6,0.6,2,0.5,20,0.67,1.0,1.0,0.09739225276489938,-0.13344121697221867,0.7298513530881213,0.08973922912341717,1.0852806929169974,206.30354423776214,18.951803202425207,522,0.6440100613442273,64.40100613442273,-0.07623955222814816,532,1.750218581979456,0.18359113631687807
15,20,20,30,30,45,0.02,0.6,0.6,2,0.5,20,0.5,1.0,0.5,0.09734379402383597,-0.13344121697221806,0.729488206362076,0.08925231879877456,1.0906584314442764,200.55,18.42326144366197,523,0.6421197866394837,64.21197866394837,-0.06917471095669947,484,1.7488968639612756,0.20171257910937784
15,20,20,30,30,45,0.02,0.7,0.5,3,0.5,20,0.67,1.0,0.5,0.0980158126146975,-0.13455824282711587,0.728426669041977,0.09059380873975277,1.0819261710948238,197.56783231701615,18.149308539685652,514,0.6515744452793382,65.15744452793382,-0.06496167413551468,399,1.7672778238285298,0.2112899235368973
15,20,20,30,30,45,0.02,0.7,0.5,3,0.5,20,0.67,1.0,1.0,0.09799552259487032,-0.134558242827116,0.7282758791728394,0.09076055036414829,1.0797149444521212,200.26783231701617,18.39734048133555,513,0.6520848289470609,65.2084828947061,-0.06968529849613936,484,1.7667212239289203,0.19904382908013812
15,20,20,30,30,45,0.02,0.7,0.5,3,0.25,20,0.5,1.0,0.5,0.09797166927692369,-0.13455824282711631,0.7280986078482019,0.08995901677057924,1.0890700320433577,193.31767578125,17.75887351084043,513,0.6486545977647856,64.86545977647856,-0.06496167413551468,399,1.7660670049386984,0.22267491320847804
15,20,20,30,30,45,0.02,0.7,0.5,3,0.25,20,0.5,1.0,1.0,0.09796982990574632,-0.13455824282711618,0.7280849381454871,0.09012718140678289,1.0870175720193243,196.11767578125,18.016091820699586,512,0.6491825808693262,64.91825808693262,-0.06968529849613936,484,1.7660165627997846,0.21029034787186435
15,20,20,30,30,45,0.02,0.7,0.5,2,0.25,20,0.67,1.0,0.5,0.0979636897556122,-0.1345582428271162,0.7280393062317141,0.0903072719584593,1.0847818523482229,196.6418681763912,18.064246064242173,526,0.6504763252569536,65.04763252569536,-0.06496167413551468,399,1.7658481839624356,0.21345443498993816
15,20,20,30,30,45,0.02,0.7,0.5,3,0.33,20,0.5,1.0,0.5,0.0979406761926771,-0.13455824282711631,0.7278682757362821,0.09009740891597147,1.0870531946597997,194.0699895413972,17.82798382293645,513,0.6492217527756097,64.92217527756097,-0.06496167413551468,399,1.7652171752169767,0.22037127173367782
15,20,20,30,30,45,0.02,0.6,0.6,2,0.5,20,0.5,1.0,1.0,0.09712718037079227,-0.1334412169722179,0.7278649174116412,0.0895582251094873,1.0845143508823643,204.9,18.82286846076459,522,0.6429381604515217,64.29381604515217,-0.07623955222814816,532,1.7429957499204627,0.1854727428902181
15,20,20,30,30,45,0.02,0.7,0.5,3,0.33,20,0.5,1.0,1.0,0.09793293256600832,-0.13455824282711615,0.7278107272241586,0.09026524113437323,1.0849462244300727,196.8379895413972,18.082262494968642,512,0.6497441040603685,64.97441040603685,-0.06968529849613936,484,1.7650048821610542,0.2080310167224642
15,20,20,30,30,45,0.02,0.7,0.5,2,0.25,20,0.67,1.0,1.0,0.09790022142595078,-0.13455824282711623,0.7275676269920931,0.09047177463835171,1.0821078929565962,199.3418681763912,18.31227800589207,525,0.6509867089246764,65.09867089246764,-0.06968529849613936,484,1.7641082631002583,0.20088745116269563
15,20,20,30,30,45,0.02,0.7,0.5,2,0.33,20,0.67,1.0,0.5,0.09783380344084303,-0.1345582428271162,0.7270740267212195,0.09046611706705238,1.081441390574217,197.68325839838838,18.159912004530018,526,0.6511231951033793,65.11231951033794,-0.06496167413551468,399,1.7622885447887033,0.2096191772708082
15,20,20,30,30,45,0.02,0.7,0.5,2,0.33,20,0.67,1.0,1.0,0.09774472985473137,-0.13455824282711648,0.726412056229926,0.09062920801085342,1.0785124575183955,200.31925839838834,18.40206467052599,525,0.6516223151315383,65.16223151315384,-0.06968529849613936,484,1.7598498167660912,0.19703828046151045
15,20,20,30,30,45,0.02,0.7,0.5,3,0.5,20,0.5,1.0,0.5,0.09773772587648111,-0.13455824282711606,0.7263600045822319,0.09031760688369289,1.0821558414666979,195.29999999999998,17.940977112676055,512,0.6501113757328515,65.01113757328515,-0.06496167413551468,399,1.759658139179547,0.21547320188743985
15,20,20,30,30,45,0.02,0.7,0.5,3,0.5,20,0.5,1.0,1.0,0.09771744099536517,-0.13455824282711606,0.7262092529025894,0.09048485745078512,1.0799314244210847,198.0,18.189009054325954,511,0.6506217594005742,65.06217594005741,-0.06968529849613936,484,1.7591030718747946,0.2032271456201759
15,20,20,30,30,45,0.02,0.7,0.5,2,0.25,20,0.5,1.0,0.5,0.09765815467684047,-0.13455824282711643,0.7257686532241205,0.09002696413841202,1.0847656100753977,194.38017578125,17.856478673063773,524,0.6489911869939302,64.89911869939303,-0.06496167413551468,399,1.7574813661138267,0.21741680371769617
15,20,20,30,30,45,0.02,0.7,0.5,2,0.25,20,0.5,1.0,1.0,0.09759470400878434,-0.13455824282711648,0.7252971052407117,0.09019197754812971,1.0820774381701994,197.08017578125,18.10451061471367,523,0.6495015706616528,64.95015706616527,-0.06968529849613936,484,1.7557467085922132,0.20484995114666565
15,20,20,30,30,45,0.02,0.7,0.5,2,0.33,20,0.5,1.0,0.5,0.09751488464960256,-0.1345582428271159,0.7247039096288761,0.09018968453281004,1.0812199327976104,195.4424991413972,17.95406760849983,524,0.6496570554155252,64.96570554155252,-0.06496167413551468,399,1.7535659601090825,0.21342439205937108
15,20,20,30,30,45,0.02,0.7,0.5,2,0.33,20,0.5,1.0,1.0,0.09742583693921092,-0.13455824282711618,0.7240421314388453,0.09035327359515101,1.07827678027196,198.07849914139723,18.196220274495808,523,0.6501561754436843,65.01561754436842,-0.06968529849613936,484,1.7511349329516466,0.20084368755133591
15,20,20,30,30,45,0.02,0.7,0.5,2,0.5,20,0.67,1.0,0.5,0.09740268181346745,-0.13455824282711637,0.7238700488874006,0.09073651229323051,1.0734673325187338,199.51139231701617,18.32785111765346,524,0.6521861242656106,65.21861242656107,-0.06496167413551468,399,1.7505031109968368,0.20137702604328583
15,20,20,30,30,45,0.02,0.7,0.5,2,0.5,20,0.67,1.0,1.0,0.09725925503009147,-0.13455824282711656,0.7228041403234756,0.09089658376785809,1.0699990142476983,202.0113923170162,18.557510322884852,523,0.6526613090596972,65.26613090596972,-0.06968529849613936,484,1.7465924336014385,0.1887669949842941
15,20,20,30,30,45,0.02,0.7,0.5,2,0.5,20,0.5,1.0,0.5,0.09706431318873654,-0.13455824282711581,0.7213553859606169,0.09046519633105363,1.0729464714091121,197.29999999999998,18.124704476861165,522,0.6507449554583002,65.07449554583002,-0.06496167413551468,399,1.7412852411621231,0.204956762340272
15,20,20,30,30,45,0.02,0.7,0.5,2,0.5,20,0.5,1.0,1.0,0.09692093062898421,-0.1345582428271164,0.7202898060545463,0.09062574545238203,1.069463540908581,199.79999999999998,18.354363682092554,521,0.6512201402523868,65.12201402523868,-0.06968529849613936,484,1.7373876697745132,0.1923470599391341
15,20,20,30,30,45,0.02,0.7,0.6,3,0.25,20,0.67,1.0,0.5,0.09824754625248167,-0.13719776288918653,0.7161016636388989,0.09047620679593517,1.0858937363949661,196.88758817639118,18.086818808205955,515,0.6507230200827192,65.07230200827192,-0.06917471095669947,484,1.7736420043688708,0.1909062236159444
15,20,20,30,30,45,0.02,0.7,0.6,3,0.25,20,0.67,1.0,1.0,0.09822455575954114,-0.13719776288918725,0.7159340917160272,0.09077272155998181,1.0820933213359172,201.20158817639117,18.483118732753237,514,0.6515350580975028,65.15350580975027,-0.07623955222814816,532,1.7730100151623684,0.17622131720100587
15,20,20,30,30,45,0.02,0.7,0.6,3,0.33,20,0.67,1.0,0.5,0.09822029181452763,-0.13719776288918717,0.7159030128928477,0.09061117432920904,1.0839754869269556,197.62799919838838,18.15483569094853,515,0.6512746806366423,65.12746806366422,-0.06917471095669947,484,1.772892817297385,0.1886670663876146
15,20,20,30,30,45,0.02,0.7,0.6,3,0.33,20,0.67,1.0,1.0,0.09819139727464754,-0.13719776288918717,0.7156924078562086,0.0909071643724935,1.0801282599939734,201.90999919838836,18.54819597766885,514,0.652081086831644,65.2081086831644,-0.07623955222814816,532,1.772098746774343,0.17402731599371912
15,20,20,30,30,45,0.02,0.7,0.6,3,0.25,20,0.5,1.0,0.5,0.09801668340952663,-0.1371977628891868,0.7144189624191881,0.09018823609696945,1.0868012021450348,194.76767578125,17.89207584987464,515,0.6492089800245532,64.92089800245532,-0.06917471095669947,484,1.767301713922795,0.19506581114617244
15,20,20,30,30,45,0.02,0.7,0.6,3,0.5,20,0.67,1.0,0.5,0.0980163062926358,-0.13719776288918675,0.7144162137089843,0.09082745123961088,1.0791484837999041,198.84783231701618,18.266894052764126,515,0.6521467789646602,65.21467789646603,-0.06917471095669947,484,1.7672913677680078,0.1838185163492842
15,20,20,30,30,45,0.02,0.7,0.6,3,0.33,20,0.5,1.0,0.5,0.09798568772658922,-0.1371977628891869,0.7141930426790645,0.09032629007197451,1.0847969915349285,195.5199895413972,17.961186161970655,515,0.6497761350353773,64.97761350353774,-0.06917471095669947,484,1.7664514684317378,0.19276658204316827
15,20,20,30,30,45,0.02,0.7,0.6,3,0.5,20,0.67,1.0,1.0,0.0979748737860826,-0.13719776288918714,0.714114222585507,0.0911225446038367,1.0751990543288383,203.06183231701618,18.654007609102152,514,0.6529412175426258,65.29412175426258,-0.07623955222814816,532,1.7661548860409466,0.16927478178001854
15,20,20,30,30,45,0.02,0.7,0.6,2,0.25,20,0.67,1.0,0.5,0.09796414743381399,-0.13719776288918706,0.714036040900597,0.09054200777804841,1.081974542402019,197.92186817639117,18.181831577320644,526,0.6510486589422757,65.10486589422757,-0.06917471095669947,484,1.7658607343643729,0.18599021780420083
15,20,20,30,30,45,0.02,0.7,0.6,3,0.25,20,0.5,1.0,1.0,0.09794056625499747,-0.1371977628891866,0.7138641636168893,0.09049196499102971,1.082312294408748,199.21767578125,18.300869235186507,514,0.6500449532734093,65.00449532734093,-0.07623955222814816,532,1.7652141611501726,0.17961887402887133
15,20,20,30,30,45,0.02,0.7,0.6,3,0.33,20,0.5,1.0,1.0,0.09790366965029462,-0.13719776288918709,0.7135952335416007,0.09062947145813506,1.080263054336798,199.9379895413972,18.367039909455563,514,0.6506064764644516,65.06064764644516,-0.07623955222814816,532,1.7642027671856475,0.17736482372551
15,20,20,30,30,45,0.02,0.7,0.6,2,0.25,20,0.67,1.0,1.0,0.09787957270146319,-0.13719776288918692,0.7134195969399254,0.0908349366269161,1.0775542576033421,202.1358681763912,18.568945133658673,525,0.6518430975202413,65.18430975202413,-0.07623955222814816,532,1.763542413276984,0.17113203039774172
15,20,20,30,30,45,0.02,0.7,0.6,2,0.33,20,0.67,1.0,0.5,0.09783424690915599,-0.13719776288918675,0.713089228635424,0.09070058077984136,1.0786507216158876,198.96325839838835,18.277497517608488,526,0.6516955287887014,65.16955287887014,-0.06917471095669947,484,1.7623006913139005,0.18217342733039305
15,20,20,30,30,45,0.02,0.7,0.6,3,0.5,20,0.5,1.0,0.5,0.09778272626918971,-0.1371977628891872,0.7127137076438157,0.0905459593729875,1.0799236867808941,196.75,18.07417945171026,515,0.6506657579926193,65.06657579926193,-0.06917471095669947,484,1.760889873810453,0.1878974483157307
15,20,20,30,30,45,0.02,0.7,0.6,2,0.33,20,0.67,1.0,1.0,0.09772408301155155,-0.13719776288918686,0.7122862716827404,0.09099175194569777,1.0739883662188583,203.11325839838835,18.658731798292592,525,0.6524787037271034,65.24787037271034,-0.07623955222814816,532,1.7592848101616325,0.1673051052015393
15,20,20,30,30,45,0.02,0.7,0.6,2,0.25,20,0.5,1.0,0.5,0.09770311583987823,-0.13719776288918706,0.7121334472398929,0.09025640718810765,1.0825061497988784,195.83017578124998,17.989681012097975,526,0.6495455692536979,64.95455692536979,-0.06917471095669947,484,1.7587111451823834,0.18985214110017662
15,20,20,30,30,45,0.02,0.7,0.6,3,0.5,20,0.5,1.0,1.0,0.09768818329541795,-0.13719776288918703,0.7120246076776012,0.09084821247752314,1.0752900979706903,201.10000000000002,18.47378646881288,514,0.6514841318046573,65.14841318046572,-0.07623955222814816,532,1.7583026545530127,0.1725918010807912
15,20,20,30,30,45,0.02,0.7,0.6,2,0.25,20,0.5,1.0,1.0,0.09756544787273502,-0.13719776288918673,0.7111300200393039,0.09055652469298908,1.0773983233511673,200.18017578125,18.389288029200593,525,0.6503639430657359,65.03639430657358,-0.07623955222814816,532,1.7549472182998134,0.17423216663086294
15,20,20,30,30,45,0.02,0.7,0.6,2,0.33,20,0.5,1.0,0.5,0.09755982579194855,-0.1371977628891871,0.7110890421059298,0.0904188542920952,1.0789765758011562,196.8924991413972,18.087269947534036,526,0.6502114376752929,65.02114376752928,-0.06917471095669947,484,1.7547936063176435,0.18588006790313177
15,20,20,30,30,45,0.02,0.7,0.6,2,0.5,20,0.67,1.0,0.5,0.09740309505651368,-0.1371977628891869,0.7099466711799454,0.09097057371145445,1.070709912916041,200.79139231701618,18.44543663073193,526,0.6527584579509327,65.27584579509326,-0.06917471095669947,484,1.7505143857913916,0.1739926964812108
15,20,20,30,30,45,0.02,0.7,0.6,2,0.33,20,0.5,1.0,1.0,0.09739658426149078,-0.13719776288918667,0.709899215631942,0.09071718285300243,1.0736288451473588,201.1784991413972,18.48099768898273,525,0.6510185478477674,65.10185478477673,-0.07623955222814816,532,1.7503367521665982,0.1702500724300372
15,20,20,30,30,45,0.02,0.7,0.6,2,0.5,20,0.67,1.0,1.0,0.09723861510237297,-0.13719776288918714,0.7087478181470884,0.09125808738056322,1.0655342216067913,204.80539231701619,18.81417745065145,525,0.6535176976552621,65.35176976552621,-0.07623955222814816,532,1.7460300807381675,0.15910328209512103
15,20,20,30,30,45,0.02,0.7,0.6,2,0.5,20,0.5,1.0,0.5,0.09710920583797189,-0.13719776288918678,0.7078045865544178,0.09069396606760384,1.0707350229406232,198.75,18.25790681589537,526,0.651299337718068,65.1299337718068,-0.06917471095669947,484,1.742506594631319,0.1774765063007802
15,20,20,30,30,45,0.02,0.7,0.6,2,0.5,20,0.5,1.0,1.0,0.0968916891950542,-0.1371977628891871,0.706219162431332,0.09098858678570654,1.0648773941642864,202.89999999999998,18.639141096579475,525,0.6520825126564699,65.208251265647,-0.07623955222814816,532,1.7365934173013544,0.16182571700152393
